,id,base_pos,prob_score_class0,prob_score_class1,Attn0,Attn1,Attn2,Attn3,Attn4,Attn5,Attn6,Attn7,Attn8,Attn9,Attn10,Attn11,Attn12,Attn13,Attn14,Attn15,Attn16,Attn17,Attn18,Attn19,run_id,model_name,diff
0,seq_0,1,0.3350174,0.66498256,0.037843585,0.04890836,0.048761357,0.07188599,0.04460979,0.06292924,0.056330405,0.08708525,0.050063144,0.057514854,0.06391269,0.053280752,0.038890574,0.035370246,0.0441908,0.044383265,0.037941087,0.040454235,0.04071741,0.034927007,run_0,BE4max,0.32996514
1,seq_0,17,0.99339855,0.006601413,0.034120563,0.057773937,0.045754302,0.081212334,0.045178093,0.041333057,0.06069842,0.06590987,0.072951235,0.06127623,0.0531243,0.04658283,0.04502404,0.04468305,0.047836818,0.044666376,0.042524558,0.042198814,0.03490118,0.032250054,run_1,BE4max,0.98679715
