,id,base_pos,model_name,prob_score_class0,prob_score_class1,Attn0,Attn1,Attn2,Attn3,Attn4,Attn5,Attn6,Attn7,Attn8,Attn9,Attn10,Attn11,Attn12,Attn13,Attn14,Attn15,Attn16,Attn17,Attn18,Attn19
0,seq_0,0,ABEmax,0.99823844,0.0017615345,0.047170784,0.04469639,0.055661324,0.051772166,0.08859514,0.10656941,0.058678273,0.06598059,0.055612493,0.039424475,0.045085624,0.04459925,0.034473013,0.039485868,0.0359717,0.035325315,0.035871737,0.036695193,0.036241286,0.042089958
1,seq_0,2,ABEmax,0.9617293,0.03827072,0.047436107,0.04664519,0.05323543,0.0524274,0.088080965,0.11114391,0.057342656,0.061645646,0.052860662,0.040025476,0.044724457,0.044621244,0.035607453,0.038977016,0.03662629,0.03619094,0.036947757,0.036891002,0.037404764,0.041165665
2,seq_0,4,ABEmax,0.45340794,0.54659206,0.0488239,0.049133874,0.052220166,0.05314228,0.08725194,0.11486769,0.05677579,0.05786555,0.049238663,0.040216573,0.043993037,0.044638425,0.036405265,0.038569074,0.036889724,0.036740467,0.037743196,0.03700264,0.038043145,0.040438637
3,seq_0,5,ABEmax,0.18535069,0.81464934,0.04909617,0.050726123,0.05135873,0.0538351,0.08496328,0.11761227,0.056866214,0.055916816,0.04644141,0.040852223,0.0436844,0.044874296,0.036883887,0.03852234,0.037175246,0.03727885,0.038469784,0.03693077,0.038412165,0.040099967
4,seq_0,13,ABEmax,0.99685895,0.0031410512,0.04691352,0.045344073,0.054790765,0.051587377,0.08866167,0.10806191,0.058374614,0.06525616,0.055041343,0.039539497,0.04518894,0.045115273,0.034613088,0.03942555,0.03598504,0.035413343,0.035949152,0.036696568,0.036290653,0.04175143
5,seq_0,19,ABEmax,0.99940664,0.00059332047,0.04694721,0.044470564,0.05571833,0.051564146,0.08855357,0.10580372,0.058682367,0.06691912,0.05612137,0.039514758,0.04547027,0.045143146,0.0341652,0.0398074,0.03575408,0.035158515,0.035576418,0.03657407,0.035789926,0.04226589
