,id,base_pos,prob_score_class0,prob_score_class1,Attn0,Attn1,Attn2,Attn3,Attn4,Attn5,Attn6,Attn7,Attn8,Attn9,Attn10,Attn11,Attn12,Attn13,Attn14,Attn15,Attn16,Attn17,Attn18,Attn19,run_id,model_name,diff
0,seq_0,1,0.22180981934070587,0.7781901359558105,0.04829806834459305,0.05880475789308548,0.05297915264964104,0.035641178488731384,0.047314733266830444,0.0776691734790802,0.06186381354928017,0.06419505178928375,0.06754732131958008,0.04161962494254112,0.061325397342443466,0.04555303975939751,0.037280965596437454,0.04455909505486488,0.042305346578359604,0.03927505761384964,0.037418775260448456,0.0504416897892952,0.03661039471626282,0.04929739609360695,run_3,BE4max,0.5563803315162659
1,seq_0,17,0.9992285966873169,0.0007713459199294448,0.036894943565130234,0.04815495014190674,0.04377565532922745,0.05015788599848747,0.04832953214645386,0.04917973279953003,0.052780985832214355,0.09499765187501907,0.05399876460433006,0.06913834065198898,0.07508684694766998,0.05721390247344971,0.037579555064439774,0.035688478499650955,0.05018625035881996,0.04719054698944092,0.036868173629045486,0.040627215057611465,0.039459940046072006,0.032690633088350296,run_0,BE4max,0.9984572529792786
